name,handedness,height (inches),weight(pounds),avg,avg_group,HR
Tom Brown,right-handed,73,170,0,0,0
Denny Lemaster,right-handed,73,182,0.13,0.13,4
Joe Nolan,left-handed,71,175,0.263,0.27,27
Denny Doyle,left-handed,69,175,0.25,0.25,16
Jose Cardenal,right-handed,70,150,0.275,0.28,138
Mike Ryan,right-handed,74,205,0.193,0.2,28
Fritz Peterson,both-handed,72,185,0.159,0.16,2
Dick Bertell,right-handed,72,200,0.25,0.25,10
Rod Kanehl,right-handed,73,180,0.241,0.25,6
Ozzie Osborn,right-handed,74,195,0,0,0
John LaRose,left-handed,73,185,0,0,0
Jeff Byrd,right-handed,75,195,0,0,0
Juan Bonilla,right-handed,69,170,0.256,0.26,7
Frank Tepedino,left-handed,71,185,0.241,0.25,6
Jerry Kutzler,left-handed,73,175,0,0,0
Rick Wise,right-handed,73,180,0.195,0.2,15
Darrell Evans,left-handed,74,200,0.248,0.25,414
Buck Martinez,right-handed,70,190,0.225,0.23,58
John Wockenfuss,right-handed,72,190,0.262,0.27,86
Tommy McCraw,left-handed,72,183,0.246,0.25,75
Jeff Barkley,both-handed,75,185,0,0,0
Eric Wilkins,right-handed,73,190,0,0,0
Britt Burns,left-handed,77,215,0,0,0
Lee Lacy,right-handed,73,175,0.286,0.29,91
Pete Rose,both-handed,71,192,0.303,0.31,160
Danny Walton,right-handed,72,195,0.223,0.23,28
Bobby Cox,right-handed,71,180,0.225,0.23,9
Brad Wellman,right-handed,72,170,0.231,0.24,6
Jeff Newman,right-handed,74,215,0.224,0.23,63
Pedro Gonzalez,right-handed,72,176,0.244,0.25,8
Nardi Contreras,both-handed,74,193,0,0,0
Tommie Reynolds,right-handed,74,190,0.226,0.23,12
Gene Clines,right-handed,69,170,0.277,0.28,5
Jim Hickman,right-handed,75,192,0.252,0.26,159
Jack Billingham,right-handed,76,195,0.111,0.12,0
Jerry Buchek,right-handed,71,185,0.22,0.22,22
Ivan DeJesus,right-handed,71,175,0.254,0.26,21
Gary Nolan,right-handed,74,197,0.138,0.14,1
Gil Patterson,right-handed,73,185,0,0,0
Fred Whitfield,left-handed,73,190,0.253,0.26,108
Larry Dierker,right-handed,76,215,0.136,0.14,4
Dave Skaggs,right-handed,74,200,0.241,0.25,3
Dick Ruthven,right-handed,75,190,0.183,0.19,1
Jerry Garvin,left-handed,75,195,0,0,0
Steve Eddy,right-handed,74,185,0,0,0
Dave Kingman,right-handed,78,210,0.236,0.24,442
Eric Soderholm,right-handed,71,187,0.264,0.27,102
Kevin Mmahat,left-handed,77,220,0,0,0
Ed Brinkman,right-handed,72,170,0.224,0.23,60
Wayne Garrett,left-handed,71,175,0.239,0.24,61
Tony Muser,left-handed,74,180,0.259,0.26,7
Jim Siwy,right-handed,76,200,0,0,0
Bud Anderson,right-handed,75,210,0,0,0
Ted Ford,right-handed,70,180,0.219,0.22,17
Kevin Stanfield,left-handed,72,190,0,0,0
Jim Lyttle,left-handed,72,180,0.248,0.25,9
John Butcher,right-handed,76,185,0,0,0
Jerry Ujdur,right-handed,73,195,0,0,0
Scot Thompson,left-handed,75,195,0.262,0.27,5
Gene Locklear,left-handed,70,165,0.274,0.28,9
Bo Diaz,right-handed,71,185,0.255,0.26,87
Bump Wills,both-handed,69,172,0.266,0.27,36
Brian Denman,right-handed,76,205,0,0,0
Pat Putnam,left-handed,72,205,0.255,0.26,63
Kurt Bevacqua,right-handed,72,180,0.236,0.24,27
Bob Fallon,left-handed,75,200,0,0,0
Syd O'Brien,right-handed,73,185,0.23,0.23,24
Chris Chambliss,left-handed,73,195,0.279,0.28,185
Tom Satriano,left-handed,73,185,0.225,0.23,21
Jeffrey Leonard,right-handed,74,200,0.266,0.27,144
Dal Maxvill,right-handed,71,157,0.217,0.22,6
Steve Curry,right-handed,78,217,0,0,0
Cesar Tovar,right-handed,69,155,0.278,0.28,46
Mickey Lolich,both-handed,73,170,0.11,0.11,0
Ray Chadwick,both-handed,74,180,0,0,0
Jack Heidemann,right-handed,72,175,0.211,0.22,9
Rich Rollins,right-handed,70,185,0.269,0.27,77
Walt Bond,left-handed,79,228,0.256,0.26,41
Merv Rettenmund,right-handed,70,190,0.271,0.28,66
Bryan Clutterbuck,right-handed,76,223,0,0,0
Byron Browne,right-handed,74,190,0.236,0.24,30
Hector Torres,right-handed,72,175,0.216,0.22,18
Walt Williams,right-handed,66,165,0.27,0.27,33
Jerry Koosman,right-handed,74,205,0.119,0.12,2
Steve Lombardozzi,right-handed,72,175,0.233,0.24,20
Joe Azcue,right-handed,72,190,0.252,0.26,50
Elliott Maddox,right-handed,71,180,0.261,0.27,18
Omar Moreno,left-handed,74,180,0.252,0.26,37
Julian Javier,right-handed,73,175,0.257,0.26,78
Tony Ferreira,left-handed,73,160,0,0,0
Elio Chacon,right-handed,69,160,0.232,0.24,4
Rusty Torres,both-handed,70,175,0.212,0.22,35
John Stearns,right-handed,72,185,0.26,0.26,46
Larry Brown,right-handed,70,160,0.233,0.24,47
Tommy Dean,right-handed,72,165,0.18,0.18,4
Bryan Oelkers,left-handed,75,192,0,0,0
Kevin Bearse,left-handed,74,195,0,0,0
Marty Martinez,both-handed,72,170,0.243,0.25,0
Bruce Boisclair,left-handed,74,185,0.263,0.27,10
Ken Singleton,both-handed,76,210,0.282,0.29,246
Frank White,right-handed,71,165,0.255,0.26,160
Jim Fairey,left-handed,70,190,0.235,0.24,7
Jose Roman,right-handed,72,175,0,0,0
Tom Brookens,right-handed,70,165,0.246,0.25,71
Gary Thomasson,left-handed,73,180,0.249,0.25,61
Mike Trujillo,right-handed,73,180,0,0,0
Albert Williams,right-handed,76,190,0,0,0
Oswaldo Peraza,right-handed,76,172,0,0,0
Otto Velez,right-handed,72,170,0.251,0.26,78
Tony Scott,both-handed,72,164,0.249,0.25,17
Ray Oyler,right-handed,71,165,0.175,0.18,15
Barry Cort,right-handed,77,210,0,0,0
Floyd Robinson,left-handed,69,175,0.283,0.29,67
Steve Jeltz,both-handed,71,180,0.21,0.21,5
Lou Brock,left-handed,71,170,0.293,0.3,149
Bill Wilkinson,right-handed,70,160,0,0,0
Joe Lovitto,both-handed,72,185,0.216,0.22,4
Mike Loynd,right-handed,76,210,0,0,0
Wayne Comer,right-handed,70,175,0.229,0.23,16
Dave Collins,both-handed,71,175,0.272,0.28,32
Ed Spiezio,right-handed,71,180,0.238,0.24,39
Rico Petrocelli,right-handed,72,175,0.251,0.26,210
Johnny Lewis,left-handed,73,189,0.227,0.23,22
Dick Simpson,right-handed,76,176,0.207,0.21,15
Ken Boswell,left-handed,72,170,0.248,0.25,31
Ken McMullen,right-handed,75,190,0.248,0.25,156
Randy Scarbery,both-handed,73,185,0,0,0
Steve Swisher,right-handed,74,205,0.216,0.22,20
Ben Callahan,right-handed,79,230,0,0,0
Dick Howser,right-handed,68,155,0.248,0.25,16
Manny Castillo,both-handed,69,160,0.242,0.25,3
Mike Ramsey,both-handed,73,170,0.24,0.24,2
Willie Crawford,left-handed,73,197,0.268,0.27,86
Bobby Cuellar,right-handed,71,188,0,0,0
Willie Norwood,right-handed,72,185,0.242,0.25,18
Mike Jones,left-handed,78,215,0,0,0
Jeff Stone,left-handed,72,175,0.277,0.28,11
Ramon Manon,right-handed,72,150,0,0,0
Joe Lahoud,left-handed,73,198,0.223,0.23,65
Tim Flannery,left-handed,71,175,0.255,0.26,9
Dave McKay,both-handed,73,195,0.229,0.23,21
John Trautwein,right-handed,75,205,0,0,0
Andy Replogle,right-handed,77,205,0,0,0
Zach Crouch,left-handed,75,180,0,0,0
Benny Ayala,right-handed,73,185,0.251,0.26,38
Ron Romanick,right-handed,76,195,0,0,0
Greg Gross,left-handed,70,160,0.287,0.29,7
Bruce Tanner,left-handed,75,220,0,0,0
Sal Butera,right-handed,72,190,0.227,0.23,8
Jack Brohamer,left-handed,70,165,0.245,0.25,30
Von Joshua,left-handed,70,170,0.273,0.28,30
Eddie Milner,left-handed,71,173,0.253,0.26,42
Johnny Jeter,right-handed,73,180,0.244,0.25,18
Angel Salazar,right-handed,72,180,0.212,0.22,2
Tony Oliva,left-handed,73,175,0.304,0.31,220
Cito Gaston,right-handed,75,190,0.256,0.26,91
Cookie Rojas,right-handed,70,160,0.263,0.27,54
Rich Morales,right-handed,71,170,0.195,0.2,6
Dave Ford,right-handed,76,190,0,0,0
Dan Ford,right-handed,73,185,0.27,0.27,121
Barry Raziano,both-handed,70,175,0,0,0
Darryl Motley,right-handed,69,196,0.243,0.25,44
Ozzie Virgil,right-handed,73,180,0.243,0.25,98
Johnny Oates,left-handed,71,188,0.25,0.25,14
Pat Underwood,left-handed,72,175,0,0,0
Mike Phillips,left-handed,72,170,0.24,0.24,11
Ron Santo,right-handed,72,190,0.277,0.28,342
Jay Johnstone,left-handed,73,175,0.267,0.27,102
Jim Ray Hart,right-handed,71,185,0.278,0.28,170
Marc Hill,right-handed,75,205,0.223,0.23,34
Joel McKeon,left-handed,72,185,0,0,0
Danny Fife,right-handed,75,175,0,0,0
Chico Salmon,right-handed,70,160,0.249,0.25,31
Joe Niekro,right-handed,73,185,0.156,0.16,1
Andy Etchebarren,right-handed,73,190,0.235,0.24,49
Ken Berry,right-handed,72,175,0.255,0.26,58
Dave Concepcion,right-handed,74,155,0.267,0.27,101
Junior Moore,right-handed,71,185,0.264,0.27,7
Mike Richardt,right-handed,72,170,0.226,0.23,4
Chris Brown,right-handed,72,185,0.269,0.27,38
Al Bumbry,left-handed,68,170,0.281,0.29,54
Al Downing,right-handed,71,175,0.127,0.13,2
Bob Didier,both-handed,72,190,0.229,0.23,0
Jake Gibbs,left-handed,72,180,0.233,0.24,25
Garry Hancock,left-handed,72,175,0.247,0.25,12
Ed Kranepool,left-handed,75,205,0.261,0.27,118
Rick Rhoden,right-handed,75,195,0.238,0.24,9
Denny McLain,right-handed,73,185,0.133,0.14,1
Chuck Hiller,left-handed,71,170,0.243,0.25,20
Jorge Orta,left-handed,70,170,0.278,0.28,130
Dave Cash,right-handed,71,170,0.283,0.29,21
Bucky Dent,right-handed,69,170,0.247,0.25,40
Andy Beene,right-handed,75,205,0,0,0
Bruce Robbins,left-handed,73,190,0,0,0
Tony Gonzalez,left-handed,69,170,0.286,0.29,103
Leon Hooten,right-handed,71,180,0,0,0
Larry Haney,right-handed,74,195,0.215,0.22,12
Billy Conigliaro,right-handed,72,180,0.256,0.26,40
Gary Roenicke,right-handed,75,205,0.247,0.25,121
Don Lock,right-handed,74,195,0.238,0.24,122
Billy Cowan,right-handed,72,170,0.236,0.24,40
Billy Smith,both-handed,74,185,0.23,0.23,17
Allan Ramirez,right-handed,70,180,0,0,0
Tony Perez,right-handed,74,175,0.279,0.28,379
Chuck Schilling,right-handed,70,160,0.239,0.24,23
Hal McRae,right-handed,71,180,0.29,0.29,191
Dave Roberts,right-handed,75,215,0.239,0.24,49
Brian Allard,right-handed,73,175,0,0,0
Jim Lefebvre,both-handed,72,180,0.251,0.26,74
Fernando Arroyo,right-handed,74,180,0,0,0
Gary Beare,right-handed,76,205,0,0,0
Charlie Spikes,right-handed,75,215,0.246,0.25,65
Brian Dubois,left-handed,70,165,0,0,0
Steve Whitaker,left-handed,72,180,0.23,0.23,24
Manny Jimenez,left-handed,73,185,0.272,0.28,26
Chris Batton,right-handed,76,195,0,0,0
Duffy Dyer,right-handed,72,187,0.221,0.23,30
Ken Henderson,both-handed,74,180,0.257,0.26,122
Vance Lovelace,left-handed,77,205,0,0,0
Greg Thayer,right-handed,71,182,0,0,0
Vern Fuller,right-handed,73,170,0.232,0.24,14
Paul Hartzell,right-handed,77,200,0,0,0
Wayne Gross,left-handed,74,210,0.233,0.24,121
Mike Champion,right-handed,72,185,0.229,0.23,2
Ralph Botting,left-handed,72,195,0,0,0
Paul Casanova,right-handed,76,180,0.225,0.23,50
Steve Rogers,right-handed,74,175,0.138,0.14,0
Keith Creel,right-handed,74,180,0,0,0
Terry Crowley,left-handed,72,180,0.25,0.25,42
Horace Clarke,both-handed,69,170,0.256,0.26,27
Lou Clinton,right-handed,73,185,0.247,0.25,65
Larry Cox,right-handed,70,178,0.221,0.23,12
Nate Colbert,right-handed,74,190,0.243,0.25,173
Phil Roof,right-handed,74,190,0.215,0.22,43
Chuck Hinton,right-handed,73,180,0.264,0.27,113
Tim Cullen,right-handed,73,185,0.22,0.22,9
Tim Harkness,left-handed,74,182,0.235,0.24,14
Rick Bosetti,right-handed,71,185,0.25,0.25,17
Ron Pruitt,right-handed,72,185,0.269,0.27,12
George Foster,right-handed,73,180,0.274,0.28,348
Jerry White,both-handed,70,164,0.253,0.26,21
Angel Mangual,right-handed,70,178,0.245,0.25,22
Ken Gerhart,right-handed,72,190,0.221,0.23,24
Mike Hershberger,right-handed,70,175,0.252,0.26,26
Jim French,left-handed,68,180,0.196,0.2,5
Dave Roberts,left-handed,75,195,0.194,0.2,7
Jim Mason,left-handed,74,185,0.203,0.21,12
Mike Smith,right-handed,75,180,0,0,0
Willie Smith,left-handed,72,182,0.248,0.25,46
T.R. Bryden,right-handed,76,190,0,0,0
Jose Arcia,right-handed,75,170,0.215,0.22,1
Leon Durham,left-handed,73,185,0.277,0.28,147
Tom Makowski,right-handed,71,185,0,0,0
Paul Householder,both-handed,72,180,0.236,0.24,29
Aurelio Rodriguez,right-handed,70,180,0.237,0.24,124
Jimmy Stewart,both-handed,72,165,0.237,0.24,8
Dick Phillips,left-handed,72,180,0.229,0.23,12
Andres Thomas,right-handed,73,170,0.234,0.24,42
Ed Crosby,left-handed,74,175,0.22,0.22,0
Mike de la Hoz,right-handed,71,175,0.251,0.26,25
Frank Taveras,right-handed,72,155,0.255,0.26,2
Joe Nossek,right-handed,72,178,0.228,0.23,3
Larry Stahl,left-handed,72,175,0.232,0.24,36
Jose Cruz,left-handed,72,170,0.284,0.29,165
Don Mason,left-handed,71,160,0.205,0.21,3
Bill Robinson,right-handed,74,189,0.258,0.26,166
Jim Umbarger,left-handed,78,200,0,0,0
Sal Bando,right-handed,72,195,0.254,0.26,242
George Mitterwald,right-handed,74,195,0.236,0.24,76
Mike Darr,right-handed,76,190,0,0,0
Craig Robinson,right-handed,70,165,0.219,0.22,0
Bob Tillman,right-handed,76,205,0.232,0.24,79
Curt Wardle,left-handed,77,220,0,0,0
Pat Corrales,right-handed,72,180,0.216,0.22,4
Mike Tyson,right-handed,69,170,0.241,0.25,27
Rafael Landestoy,both-handed,70,165,0.237,0.24,4
Duane Josephson,right-handed,72,190,0.258,0.26,23
Duane Walker,left-handed,72,185,0.229,0.23,24
Glenn Hubbard,right-handed,69,150,0.244,0.25,70
Roger Freed,right-handed,72,190,0.245,0.25,22
George Hendrick,right-handed,75,195,0.278,0.28,267
Rod Carew,left-handed,72,170,0.328,0.33,92
Bob Davis,right-handed,72,180,0.197,0.2,6
Toby Harrah,right-handed,72,175,0.264,0.27,195
Rick Manning,left-handed,73,180,0.257,0.26,56
Israel Sanchez,left-handed,69,170,0,0,0
Steve Burke,both-handed,74,200,0,0,0
Gary Matthews,right-handed,74,185,0.281,0.29,234
Cesar Geronimo,left-handed,72,165,0.258,0.26,51
Billy Bryan,left-handed,76,200,0.216,0.22,41
Terry Taylor,right-handed,73,180,0,0,0
Terry Whitfield,left-handed,73,197,0.281,0.29,33
Mario Mendoza,right-handed,71,170,0.215,0.22,4
Fred Lynn,left-handed,73,185,0.283,0.29,306
Larry Hisle,right-handed,74,193,0.273,0.28,166
Graig Nettles,left-handed,72,180,0.248,0.25,390
Randy Nosek,right-handed,76,215,0,0,0
Dave Engle,right-handed,75,210,0.262,0.27,31
Narciso Elvira,left-handed,70,160,0,0,0
Mike Easler,left-handed,72,190,0.293,0.3,118
Mark Smith,right-handed,74,215,0,0,0
Paul Mitchell,right-handed,73,195,0,0,0
Rick Sweet,both-handed,73,200,0.234,0.24,6
Thurman Munson,right-handed,71,190,0.292,0.3,113
Rick Monday,left-handed,75,193,0.264,0.27,241
Mike Sadek,right-handed,69,165,0.226,0.23,5
Mark Belanger,right-handed,73,170,0.228,0.23,20
Ron Hunt,right-handed,72,186,0.273,0.28,39
Joe Keough,left-handed,72,185,0.246,0.25,9
Butch Edge,right-handed,75,203,0,0,0
Vic Correll,right-handed,70,185,0.229,0.23,29
Jackie Hernandez,right-handed,71,165,0.208,0.21,12
Tony Solaita,left-handed,72,210,0.255,0.26,50
U L Washington,both-handed,71,175,0.251,0.26,27
Gary Mielke,right-handed,75,185,0,0,0
Rick Henninger,right-handed,78,225,0,0,0
Joe Foy,right-handed,72,215,0.248,0.25,58
Ed Goodson,left-handed,75,180,0.26,0.26,30
Mark Brown,both-handed,74,190,0,0,0
Mickey Klutts,right-handed,71,170,0.241,0.25,14
Leroy Stanton,right-handed,73,195,0.244,0.25,77
Rafael Vasquez,right-handed,72,160,0,0,0
Len Whitehouse,left-handed,71,175,0,0,0
Danny Ainge,right-handed,76,175,0.22,0.22,2
Adolfo Phillips,right-handed,73,175,0.247,0.25,59
Marv Breeding,right-handed,72,175,0.25,0.25,7
Steve Adkins,right-handed,78,210,0,0,0
Dick McAuliffe,left-handed,71,176,0.247,0.25,197
Joe Horlen,right-handed,72,170,0.134,0.14,0
Glenn Burke,right-handed,72,195,0.237,0.24,2
Tony Mack,right-handed,70,177,0,0,0
Terry Humphrey,right-handed,75,185,0.211,0.22,6
Bill Moran,right-handed,76,210,0,0,0
Enzo Hernandez,right-handed,68,155,0.224,0.23,2
Cesar Gutierrez,right-handed,69,155,0.235,0.24,0
Coco Laboy,right-handed,70,165,0.233,0.24,28
Ted Kubiak,both-handed,72,175,0.231,0.24,13
Jim Morrison,right-handed,71,175,0.26,0.26,112
Tom Gilles,right-handed,73,185,0,0,0
Bobby Knoop,right-handed,73,170,0.236,0.24,56
Bobby Brown,both-handed,74,190,0.245,0.25,26
Tom Hutton,left-handed,71,180,0.248,0.25,22
Ron Hodges,left-handed,73,185,0.24,0.24,19
Rich Chiles,left-handed,71,170,0.254,0.26,6
Tom Paciorek,right-handed,76,215,0.282,0.29,86
Gary Woods,right-handed,74,185,0.243,0.25,13
Bob Montgomery,right-handed,73,195,0.258,0.26,23
Jeff Burroughs,right-handed,73,200,0.261,0.27,240
Rusty Staub,left-handed,74,190,0.279,0.28,292
Jim Norris,left-handed,70,175,0.264,0.27,7
Oscar Gamble,left-handed,71,160,0.265,0.27,200
Bob Kammeyer,right-handed,76,210,0,0,0
George Vukovich,left-handed,72,198,0.268,0.27,27
Joe Pactwa,left-handed,71,185,0,0,0
Craig Reynolds,left-handed,73,175,0.256,0.26,42
Paul Blair,right-handed,72,168,0.25,0.25,134
Al Cowens,right-handed,73,197,0.27,0.27,108
Al Oliver,left-handed,72,195,0.303,0.31,219
Dave Hilton,right-handed,71,191,0.213,0.22,6
Luis Alvarado,right-handed,69,162,0.214,0.22,5
Larry Parrish,right-handed,75,190,0.263,0.27,256
Woodie Fryman,right-handed,75,197,0.138,0.14,2
Bob Randall,right-handed,74,175,0.257,0.26,1
Jim Pankovits,right-handed,70,170,0.25,0.25,9
Sherman Corbett,left-handed,76,205,0,0,0
Carmen Fanzone,right-handed,72,200,0.224,0.23,20
Gary Allenson,right-handed,71,185,0.221,0.23,19
Milt May,left-handed,72,190,0.263,0.27,77
Mike Vail,right-handed,73,180,0.279,0.28,34
Nick Esasky,right-handed,75,200,0.25,0.25,122
Jim Nettles,left-handed,72,186,0.22,0.22,16
Lafayette Currence,both-handed,71,175,0,0,0
Chris Cannizzaro,right-handed,72,190,0.235,0.24,18
Larry Biittner,left-handed,74,205,0.273,0.28,29
John Pawlowski,right-handed,74,175,0,0,0
Mel Stottlemyre,right-handed,73,178,0.16,0.16,7
Jack Hardy,right-handed,74,175,0,0,0
Ron Musselman,right-handed,74,185,0,0,0
Roy Smalley,both-handed,73,185,0.257,0.26,163
Tony Chevez,right-handed,71,177,0,0,0
Andy Messersmith,right-handed,73,200,0.17,0.17,5
Richie Zisk,right-handed,73,200,0.287,0.29,207
Dave Chalk,right-handed,70,175,0.252,0.26,15
Don Baylor,right-handed,73,190,0.26,0.26,338
John Vukovich,right-handed,73,187,0.161,0.17,6
Danny Thompson,right-handed,72,183,0.248,0.25,15
Joe Simpson,left-handed,75,175,0.242,0.25,9
Bill Fahey,left-handed,72,200,0.241,0.25,7
Doug Camilli,right-handed,71,195,0.199,0.2,18
Bernie Allen,left-handed,72,175,0.239,0.24,73
Bruce Bochy,right-handed,75,205,0.239,0.24,26
Gary Ignasiak,right-handed,71,185,0,0,0
Claudell Washington,left-handed,72,190,0.278,0.28,164
John Donaldson,left-handed,71,160,0.238,0.24,4
Mike Smithson,left-handed,80,215,0,0,0
John Mayberry,left-handed,75,215,0.253,0.26,255
Ken Reitz,right-handed,72,180,0.26,0.26,68
Amos Otis,right-handed,71,165,0.277,0.28,193
Gene Alley,right-handed,70,160,0.254,0.26,55
Ted Sizemore,right-handed,70,165,0.262,0.27,23
Dan Briggs,left-handed,72,180,0.195,0.2,12
Joe Skalski,right-handed,75,190,0,0,0
Doug Flynn,right-handed,71,165,0.238,0.24,7
Bert Bradley,both-handed,73,190,0,0,0
Ken Holtzman,right-handed,74,175,0.163,0.17,2
Pete Ward,left-handed,73,185,0.254,0.26,98
Kevin Bell,right-handed,72,195,0.222,0.23,13
Tom Nieto,right-handed,73,193,0.205,0.21,5
Duke Sims,left-handed,74,197,0.239,0.24,100
Larvell Blanks,right-handed,68,167,0.253,0.26,20
Francisco Barrios,right-handed,71,155,0,0,0
Mike Davis,left-handed,74,175,0.259,0.26,91
Jerry Reuss,left-handed,77,200,0.167,0.17,1
Steve Yeager,right-handed,72,190,0.228,0.23,102
Danny Goodwin,left-handed,73,195,0.236,0.24,13
Bud Harrelson,both-handed,71,160,0.236,0.24,7
Bob Knepper,left-handed,75,195,0.137,0.14,6
Mickey Rivers,left-handed,70,165,0.295,0.3,61
Jim Northrup,left-handed,75,190,0.267,0.27,153
John Hale,left-handed,74,195,0.201,0.21,14
Reggie Ritter,left-handed,74,195,0,0,0
Pedro Garcia,right-handed,70,175,0.22,0.22,37
Carl Yastrzemski,left-handed,71,175,0.285,0.29,452
Bob Babcock,right-handed,77,210,0,0,0
Craig Eaton,right-handed,71,175,0,0,0
Derrel Thomas,both-handed,72,160,0.249,0.25,43
Art Howe,right-handed,74,190,0.26,0.26,43
Ike Brown,right-handed,72,190,0.256,0.26,20
Howie Goss,right-handed,76,204,0.216,0.22,11
Glenn Borgmann,right-handed,76,210,0.229,0.23,16
Lamar Johnson,right-handed,74,215,0.287,0.29,64
Julio Gonzalez,right-handed,71,162,0.235,0.24,4
Bobby Klaus,right-handed,70,170,0.208,0.21,6
Manny Sanguillen,right-handed,72,193,0.296,0.3,65
Gates Brown,left-handed,71,220,0.257,0.26,84
Johnny Ray,both-handed,71,170,0.29,0.29,53
Jesus Alou,right-handed,74,190,0.28,0.28,32
Ken Landreaux,left-handed,70,165,0.268,0.27,91
Enos Cabell,right-handed,76,170,0.277,0.28,60
Roy Branch,right-handed,72,175,0,0,0
Billy North,both-handed,71,185,0.261,0.27,20
Juan Beniquez,right-handed,71,150,0.274,0.28,79
Frank Fernandez,right-handed,72,185,0.199,0.2,39
Bombo Rivera,right-handed,70,187,0.265,0.27,10
Steve Brye,right-handed,72,190,0.258,0.26,30
Ron Jackson,right-handed,72,200,0.259,0.26,56
Roger Metzger,both-handed,72,165,0.231,0.24,5
Rufino Linares,right-handed,72,170,0.27,0.27,11
Ray Webster,left-handed,72,185,0.244,0.25,17
Bob Kearney,right-handed,72,190,0.233,0.24,27
Fergie Jenkins,right-handed,77,205,0.165,0.17,13
Dick Dietz,right-handed,73,195,0.261,0.27,66
Ted Cox,right-handed,75,195,0.245,0.25,10
Bobby Mitchell,left-handed,70,170,0.243,0.25,3
Bobby Mitchell,right-handed,75,185,0.235,0.24,21
Barry Evans,right-handed,73,180,0.251,0.26,2
Mickey Brantley,right-handed,70,180,0.259,0.26,32
Al Gallagher,right-handed,72,180,0.263,0.27,11
Rob Woodward,right-handed,75,185,0,0,0
Hector Cruz,right-handed,71,170,0.225,0.23,39
Fred Norman,both-handed,68,155,0.125,0.13,0
Woody Woodward,right-handed,74,180,0.236,0.24,1
Ted Martinez,right-handed,72,165,0.24,0.24,7
Jim Anderson,right-handed,72,170,0.218,0.22,13
Lenn Sakata,right-handed,69,160,0.23,0.23,25
Dave Duncan,right-handed,74,190,0.214,0.22,109
Randy Jones,right-handed,72,178,0.132,0.14,0
Dick Billings,right-handed,73,195,0.227,0.23,16
Bob Veselic,right-handed,72,175,0,0,0
Bruce Bochte,left-handed,75,195,0.282,0.29,100
Bernie Carbo,left-handed,71,173,0.264,0.27,96
Vic Davalillo,left-handed,67,150,0.279,0.28,36
Burt Hooton,right-handed,73,210,0.123,0.13,4
Chuck Hockenbery,both-handed,73,195,0,0,0
Bob Ferris,right-handed,78,225,0,0,0
Fernando Gonzalez,right-handed,70,165,0.235,0.24,17
Jim Sundberg,right-handed,72,190,0.248,0.25,95
Andy Kosco,right-handed,75,205,0.236,0.24,73
Steve Huntz,both-handed,73,204,0.206,0.21,16
Gary Wheelock,right-handed,75,205,0,0,0
Lenny Faedo,right-handed,72,170,0.251,0.26,5
John Lowenstein,left-handed,72,175,0.253,0.26,116
Don Kessinger,both-handed,73,170,0.252,0.26,14
Joe Hague,left-handed,72,195,0.239,0.24,40
Bake McBride,left-handed,74,190,0.299,0.3,63
Dick Davis,right-handed,75,190,0.265,0.27,27
Richie Scheinblum,both-handed,73,180,0.263,0.27,13
Ed Herrmann,left-handed,73,195,0.24,0.24,80
Mike Rochford,left-handed,76,205,0,0,0
Jeff Schneider,both-handed,75,195,0,0,0
Bob Molinaro,left-handed,72,190,0.264,0.27,14
Mike Hegan,left-handed,73,188,0.242,0.25,53
Mike Diaz,right-handed,74,195,0.247,0.25,31
Tim Foli,right-handed,72,179,0.251,0.26,25
Alan Knicely,right-handed,72,190,0.213,0.22,12
Tim Laudner,right-handed,75,212,0.225,0.23,77
Jose Morales,right-handed,71,187,0.287,0.29,26
Luis Encarnacion,right-handed,70,178,0,0,0
Rick Kreuger,right-handed,74,185,0,0,0
Juan Marichal,right-handed,72,185,0.165,0.17,4
Vida Blue,both-handed,72,189,0.104,0.11,4
Angel Moreno,left-handed,69,165,0,0,0
Roger Weaver,right-handed,75,190,0,0,0
Stan Papi,right-handed,72,170,0.218,0.22,7
Rob Wilfong,left-handed,73,180,0.248,0.25,39
Chris Knapp,right-handed,77,195,0,0,0
Steve Henderson,right-handed,74,190,0.28,0.28,68
Rob Picciolo,right-handed,74,185,0.234,0.24,17
Don Welchel,right-handed,76,205,0,0,0
Randy Wiles,left-handed,73,185,0,0,0
Roberto Pena,right-handed,68,170,0.245,0.25,13
Bob Dernier,right-handed,72,160,0.255,0.26,23
Bill Melton,right-handed,74,200,0.253,0.26,160
Albert Hall,both-handed,71,155,0.251,0.26,5
Barbaro Garbey,right-handed,70,170,0.267,0.27,11
John Milner,left-handed,72,185,0.249,0.25,131
Rich Reese,left-handed,75,185,0.253,0.26,52
Chris Bando,both-handed,72,195,0.227,0.23,27
Bill Buckner,left-handed,72,185,0.289,0.29,174
Jack Hiatt,right-handed,74,190,0.251,0.26,22
Nelson Mathews,right-handed,76,195,0.223,0.23,22
Larry Lintz,both-handed,69,150,0.227,0.23,0
Ron Theobald,right-handed,68,165,0.248,0.25,2
Dewey Robinson,right-handed,72,180,0,0,0
Rafael Santana,right-handed,73,165,0.246,0.25,13
Jerry Hairston,both-handed,70,170,0.258,0.26,30
Tony Arnold,right-handed,71,170,0,0,0
Jeff Schattinger,left-handed,77,200,0,0,0
Ike Brookens,right-handed,77,170,0,0,0
Tommie Aaron,right-handed,75,190,0.229,0.23,13
Steve Dillard,right-handed,73,180,0.243,0.25,13
Win Remmerswaal,right-handed,74,160,0,0,0
Jeff Peterek,right-handed,74,195,0,0,0
George Scott,right-handed,74,200,0.268,0.27,271
Jeff Shaver,right-handed,75,195,0,0,0
Ken Walters,right-handed,73,180,0.231,0.24,11
Gorman Thomas,right-handed,74,210,0.225,0.23,268
Paul Dade,right-handed,73,185,0.27,0.27,10
Darrell Porter,left-handed,72,193,0.247,0.25,188
Tim Johnson,left-handed,73,170,0.223,0.23,0
Fred Stanley,right-handed,70,165,0.216,0.22,10
Larry Bowa,both-handed,70,155,0.26,0.26,15
Tim Corcoran,left-handed,71,175,0.27,0.27,12
Jim Spencer,left-handed,74,195,0.25,0.25,146
Pete LaCock,left-handed,74,200,0.257,0.26,27
Carl Morton,right-handed,72,200,0.156,0.16,7
Gary Gray,right-handed,72,187,0.24,0.24,24
Matty Alou,left-handed,69,160,0.307,0.31,31
Pete Filson,both-handed,74,195,0,0,0
Jim Dwyer,left-handed,70,165,0.26,0.26,77
Dalton Jones,left-handed,73,180,0.235,0.24,41
Rennie Stennett,right-handed,71,160,0.274,0.28,41
Jim Gideon,right-handed,75,190,0,0,0
Jerry May,right-handed,74,190,0.234,0.24,15
Rich McKinney,right-handed,71,185,0.225,0.23,20
Clint Hurdle,left-handed,75,195,0.259,0.26,32
Mike Andrews,right-handed,75,195,0.258,0.26,66
Bobby Clark,right-handed,72,190,0.239,0.24,19
Jeff Twitty,left-handed,74,185,0,0,0
Cliff Johnson,right-handed,76,215,0.258,0.26,196
Steve Cummings,both-handed,74,200,0,0,0
Donn Clendenon,right-handed,76,209,0.274,0.28,159
Charlie James,right-handed,73,195,0.255,0.26,29
Bob Horner,right-handed,73,195,0.277,0.28,218
Tom Veryzer,right-handed,73,175,0.241,0.25,14
Jose Cecena,right-handed,71,180,0,0,0
George Smith,right-handed,70,170,0.205,0.21,9
Jim Essian,right-handed,74,195,0.244,0.25,33
Onix Concepcion,right-handed,66,160,0.239,0.24,3
Boots Day,left-handed,69,160,0.256,0.26,8
Brian Giles,right-handed,73,165,0.228,0.23,10
Garry Maddox,right-handed,75,175,0.285,0.29,117
Alex Trevino,right-handed,70,165,0.249,0.25,23
Jim Price,right-handed,72,192,0.214,0.22,18
Felix Millan,right-handed,71,172,0.279,0.28,22
Steve Garvey,right-handed,70,192,0.294,0.3,272
Don Mincher,left-handed,75,205,0.249,0.25,200
Greg Erardi,right-handed,73,190,0,0,0
Jim Farr,right-handed,73,195,0,0,0
Tony Cloninger,right-handed,72,210,0.192,0.2,11
Jim Gosger,left-handed,71,185,0.226,0.23,30
Chuck Harrison,right-handed,70,185,0.238,0.24,17
Mike Ivie,right-handed,75,205,0.269,0.27,81
Frank Dimichele,right-handed,75,205,0,0,0
Bob Veale,both-handed,78,212,0.114,0.12,0
Marvell Wynne,left-handed,71,175,0.247,0.25,40
Dusty Baker,right-handed,74,183,0.278,0.28,242
Tucker Ashford,right-handed,73,195,0.218,0.22,6
Ned Yost,right-handed,73,190,0.212,0.22,16
Bob Stinson,both-handed,71,180,0.25,0.25,33
Mike Warren,right-handed,73,175,0,0,0
Gaylord Perry,right-handed,76,205,0.131,0.14,6
Dave Marshall,left-handed,73,182,0.246,0.25,16
Mickey Hatcher,right-handed,74,200,0.28,0.28,38
Roger Repoz,left-handed,75,190,0.224,0.23,82
Bill Fulton,right-handed,75,195,0,0,0
John Orsino,right-handed,75,215,0.249,0.25,40
Larry Anderson,right-handed,75,190,0,0,0
Johnny Briggs,left-handed,73,190,0.253,0.26,139
Craig Mitchell,right-handed,75,180,0,0,0
Dave Hostetler,right-handed,76,215,0.229,0.23,37
Bob Jones,left-handed,74,195,0.221,0.23,20
Keith Hernandez,left-handed,72,180,0.296,0.3,162
Alfredo Martinez,right-handed,75,185,0,0,0
Dean Chance,right-handed,75,200,0.066,0.07,0
Willie Upshaw,left-handed,72,185,0.262,0.27,123
Dick Green,right-handed,70,180,0.24,0.24,80
Dane Iorg,left-handed,72,180,0.276,0.28,14
Richie Hebner,left-handed,73,195,0.276,0.28,203
Fran Healy,right-handed,77,220,0.25,0.25,20
Doc Edwards,right-handed,74,215,0.238,0.24,15
Sandy Alomar,both-handed,69,140,0.245,0.25,13
Joe Strain,right-handed,70,169,0.25,0.25,1
Gene Richards,left-handed,72,175,0.29,0.29,26
Buddy Bell,right-handed,73,180,0.279,0.28,201
Al Woods,left-handed,75,190,0.271,0.28,35
Rudy Law,left-handed,73,165,0.271,0.28,18
Joel Davis,left-handed,77,205,0,0,0
Jody Davis,right-handed,76,192,0.245,0.25,127
Mike Edwards,right-handed,70,154,0.25,0.25,2
Bill Mooneyham,right-handed,72,175,0,0,0
John Hobbs,right-handed,75,190,0,0,0
Deron Johnson,right-handed,74,200,0.244,0.25,245
John Denny,right-handed,75,185,0.17,0.17,0
Don Wert,right-handed,70,162,0.242,0.25,77
Mike Fiore,left-handed,72,175,0.227,0.23,13
Miguel Dilone,both-handed,72,160,0.265,0.27,6
Greg Luzinski,right-handed,73,220,0.276,0.28,307
Bobby Tolan,left-handed,71,170,0.265,0.27,86
Karl Best,right-handed,76,190,0,0,0
Steve Barr,left-handed,76,200,0,0,0
Ron Woods,right-handed,70,168,0.233,0.24,26
Tony Horton,right-handed,75,210,0.268,0.27,76
Randy Hundley,right-handed,71,170,0.236,0.24,82
Jose Tartabull,left-handed,71,165,0.261,0.27,2
Ben Oglivie,left-handed,74,160,0.273,0.28,235
Luis Sanchez,right-handed,74,170,0,0,0
Bob Johnson,right-handed,70,175,0.272,0.28,44
Don Buford,both-handed,67,160,0.264,0.27,93
Duane Kuiper,left-handed,72,175,0.271,0.28,1
Brant Alyea,right-handed,75,215,0.247,0.25,38
Jerry Narron,left-handed,75,205,0.211,0.22,21
Lou Johnson,right-handed,71,170,0.258,0.26,48
Ken Retzer,left-handed,72,185,0.264,0.27,14
Mike Brown,right-handed,74,195,0.265,0.27,23
Mike Brown,right-handed,74,195,0,0,0
Greg Walker,left-handed,75,205,0.26,0.26,113
Terry Harper,right-handed,76,195,0.253,0.26,36
Jerry Royster,right-handed,72,165,0.249,0.25,40
Steve Davis,left-handed,73,195,0,0,0
Jeff Rineer,left-handed,76,205,0,0,0
Barry Bonnell,right-handed,75,190,0.272,0.28,56
Tom Seaver,right-handed,73,195,0.154,0.16,12
Jerry Martin,right-handed,73,195,0.251,0.26,85
Bill Stein,right-handed,70,170,0.267,0.27,44
Joel Youngblood,right-handed,72,180,0.265,0.27,80
Reggie Jackson,left-handed,72,195,0.262,0.27,563
Sonny Jackson,left-handed,69,150,0.251,0.26,7
Mark Mercer,left-handed,77,220,0,0,0
Rodney Scott,both-handed,72,160,0.236,0.24,3
Rich Coggins,left-handed,68,170,0.265,0.27,12
Phil Gagliano,right-handed,73,180,0.238,0.24,14
Jerry McNertney,right-handed,72,180,0.237,0.24,27
Mitchell Page,left-handed,74,205,0.266,0.27,72
Kiko Garcia,right-handed,71,180,0.239,0.24,12
Larry Milbourne,both-handed,72,161,0.254,0.26,11
Bill Sudakis,both-handed,73,190,0.234,0.24,59
John Caneira,right-handed,75,180,0,0,0
Domingo Ramos,right-handed,70,154,0.24,0.24,8
Ron Oester,both-handed,74,185,0.265,0.27,42
Glenn Adams,left-handed,73,180,0.28,0.28,34
Clint Zavaras,right-handed,73,175,0,0,0
Joe Morgan,left-handed,67,160,0.271,0.28,268
R.J. Reynolds,both-handed,72,190,0.267,0.27,35
Mike Parrott,right-handed,76,210,0,0,0
Lee Thomas,left-handed,74,195,0.255,0.26,106
Ray Fosse,right-handed,74,215,0.256,0.26,61
Paul Popovich,both-handed,72,175,0.233,0.24,14
John Stephenson,left-handed,71,180,0.216,0.22,12
Doug Clemens,left-handed,72,180,0.229,0.23,12
Luis Aponte,right-handed,72,185,0,0,0
Orlando Mercado,right-handed,72,180,0.199,0.2,7
Charley Smith,right-handed,73,170,0.239,0.24,69
Paul Boris,right-handed,74,200,0,0,0
Buddy Biancalana,both-handed,71,160,0.205,0.21,6
De Wayne Buice,right-handed,72,170,0,0,0
Bob Uecker,right-handed,73,190,0.2,0.2,14
Felix Torres,right-handed,71,165,0.254,0.26,27
Steve Braun,left-handed,70,180,0.271,0.28,52
Ray Knight,right-handed,73,185,0.271,0.28,84
Ty Cline,left-handed,72,170,0.238,0.24,6
Thad Bosley,left-handed,75,175,0.272,0.28,20
Bobby Grich,right-handed,74,180,0.266,0.27,224
Jimmie Hall,left-handed,72,175,0.254,0.26,121
John Boccabella,right-handed,73,195,0.219,0.22,26
Brock Davis,left-handed,70,160,0.26,0.26,1
Mark Esser,right-handed,73,190,0,0,0
Curt Blefary,left-handed,74,195,0.237,0.24,112
Daryl Smith,right-handed,76,185,0,0,0
Dave Smith,right-handed,73,190,0,0,0
Mack Jones,left-handed,73,180,0.252,0.26,133
Buddy Bradford,right-handed,71,170,0.226,0.23,52
Hosken Powell,left-handed,73,175,0.259,0.26,17
Dave Stapleton,left-handed,73,185,0,0,0
Dave Stapleton,right-handed,73,178,0.271,0.28,41
Gary Ward,right-handed,74,195,0.276,0.28,130
Jim Lonborg,right-handed,77,200,0.136,0.14,3
Joe Lis,right-handed,72,175,0.233,0.24,32
Dan Meyer,left-handed,71,180,0.253,0.26,86
Jim Holt,left-handed,72,180,0.265,0.27,19
Tom Klawitter,right-handed,74,190,0,0,0
Larry Herndon,right-handed,75,190,0.274,0.28,107
Gary Christenson,left-handed,77,200,0,0,0
Jim Wright,right-handed,77,205,0,0,0
Jim Wright,right-handed,73,165,0,0,0
Wallace Johnson,both-handed,72,173,0.255,0.26,5
Mike Kinnunen,left-handed,73,185,0,0,0
Eddie Leon,right-handed,72,170,0.236,0.24,24
Dave Rajsich,left-handed,77,175,0,0,0
Jim Wohlford,right-handed,71,175,0.26,0.26,21
J.R. Richard,right-handed,80,222,0.168,0.17,10
Bill Voss,left-handed,74,160,0.227,0.23,19
Keith Moreland,right-handed,72,190,0.279,0.28,121
Ramon Pena,right-handed,70,155,0,0,0
Alex Johnson,right-handed,72,205,0.288,0.29,78
Wayne Krenchicki,left-handed,73,180,0.266,0.27,15
Chico Escarrega,right-handed,71,185,0,0,0
Dave Rosello,right-handed,71,160,0.236,0.24,10
Cardell Camper,right-handed,75,208,0,0,0
Paul Schaal,right-handed,71,165,0.244,0.25,57
Tito Landrum,right-handed,71,175,0.249,0.25,13
Dave Edwards,right-handed,72,170,0.237,0.24,14
Mario Guerrero,right-handed,70,155,0.257,0.26,7
Tom Tresh,both-handed,73,180,0.245,0.25,153
Mike Overy,right-handed,74,190,0,0,0
Ron Roenicke,both-handed,72,180,0.238,0.24,17
Doug Griffin,right-handed,72,160,0.245,0.25,7
Steve Blass,right-handed,72,165,0.172,0.18,1
Johnnie LeMaster,right-handed,74,165,0.222,0.23,22
Craig Chamberlain,right-handed,73,190,0,0,0
Nate Oliver,right-handed,70,160,0.226,0.23,2
Ray Sadecki,left-handed,71,180,0.191,0.2,5
Ken Rudolph,right-handed,73,180,0.213,0.22,6
Wayne Nordhagen,right-handed,74,205,0.282,0.29,39
Biff Pocoroba,both-handed,70,175,0.257,0.26,21
Len Matuszek,left-handed,74,190,0.234,0.24,30
Frank Eufemia,right-handed,71,185,0,0,0
Joe Lefebvre,left-handed,70,170,0.258,0.26,31
Jim Maloney,left-handed,74,190,0.201,0.21,7
Andre Robertson,right-handed,70,155,0.251,0.26,5
Jerry Zimmerman,right-handed,74,185,0.204,0.21,3
Jack Lazorko,right-handed,71,200,0,0,0
Mike Paxton,right-handed,71,190,0,0,0
Chet Lemon,right-handed,72,190,0.273,0.28,215
Rickey Keeton,right-handed,74,190,0,0,0
Phil Mankowski,left-handed,72,180,0.264,0.27,8
Cleon Jones,right-handed,72,185,0.281,0.29,93
Joaquin Andujar,both-handed,72,170,0.127,0.13,5
Mike Lum,left-handed,72,180,0.247,0.25,90
Johnny Grubb,left-handed,75,175,0.278,0.28,99
Curt Motton,right-handed,68,164,0.213,0.22,25
Johnny Bench,right-handed,73,197,0.267,0.27,389
Dale Berra,right-handed,72,180,0.236,0.24,49
Terry Felton,right-handed,73,180,0,0,0
Bob Meacham,both-handed,73,175,0.236,0.24,8
Mark Clear,right-handed,76,200,0,0,0
Carl Warwick,right-handed,70,170,0.248,0.25,31
Sam Bowens,right-handed,73,188,0.223,0.23,45
George Wright,both-handed,71,180,0.245,0.25,42
Luis Aguayo,right-handed,69,173,0.236,0.24,37
Hal Lanier,right-handed,74,180,0.228,0.23,8
Mike Pazik,left-handed,74,195,0,0,0
Len Randle,both-handed,70,169,0.257,0.26,27
Greg Pryor,right-handed,72,180,0.25,0.25,14
Jim Traber,left-handed,72,194,0.227,0.23,27
Dave Nelson,right-handed,70,160,0.244,0.25,20
Lynn Jones,right-handed,69,175,0.252,0.26,7
Bryan Little,both-handed,70,160,0.245,0.25,3
Ken Suarez,right-handed,69,175,0.227,0.23,5
Rick Peters,both-handed,69,170,0.277,0.28,2
Ron Stone,left-handed,74,185,0.241,0.25,6
Rich Barnes,right-handed,76,186,0,0,0
Tommie Agee,right-handed,71,195,0.255,0.26,130
Bob Bailey,right-handed,73,180,0.257,0.26,189
Cap Peterson,right-handed,74,195,0.23,0.23,19
Ted Uhlaender,left-handed,74,190,0.263,0.27,36
Ted Simmons,both-handed,71,193,0.285,0.29,248
Bobby Murcer,left-handed,71,160,0.277,0.28,252
Dick Tracewski,right-handed,71,160,0.213,0.22,8
Dave Frost,right-handed,78,235,0,0,0
Mark Souza,left-handed,72,180,0,0,0
Bill Nahorodny,right-handed,74,200,0.241,0.25,25
Bill Madlock,right-handed,71,180,0.305,0.31,163
Bob Boone,right-handed,74,195,0.254,0.26,105
Rick Jones,left-handed,77,190,0,0,0
Steve Kemp,left-handed,72,195,0.278,0.28,130
Rick Burleson,right-handed,70,165,0.273,0.28,50
Jim Dorsey,right-handed,79,190,0,0,0
Mark Ciardi,right-handed,72,180,0,0,0
Dennis Burtt,right-handed,72,180,0,0,0
Carl Taylor,right-handed,74,200,0.266,0.27,10
Terry Harmon,right-handed,74,180,0.233,0.24,4
Mike Hargrove,left-handed,72,195,0.29,0.29,80
Rich Yett,right-handed,74,187,0,0,0
Steve Hovley,left-handed,70,188,0.258,0.26,8
Don Leppert,right-handed,74,220,0.229,0.23,15
Matt Williams,right-handed,73,200,0,0,0
Jim Burton,right-handed,75,195,0,0,0
Rick Anderson,right-handed,74,210,0,0,0
Charlie Mitchell,right-handed,75,170,0,0,0
Bill Paschall,right-handed,72,175,0,0,0
John Bohnet,both-handed,72,175,0,0,0
Byron McLaughlin,right-handed,73,175,0,0,0
Lee May,right-handed,75,195,0.267,0.27,354
Luis Quintana,left-handed,74,175,0,0,0
Sam McDowell,left-handed,77,190,0.154,0.16,2
Rick Renick,right-handed,72,188,0.221,0.23,20
Jeff Torborg,right-handed,72,195,0.214,0.22,8
Dave Campbell,right-handed,73,180,0.213,0.22,20
Pat Kelly,left-handed,73,185,0.264,0.27,76
Al Weis,both-handed,72,160,0.219,0.22,7
Jerry Turner,left-handed,69,180,0.257,0.26,45
Rick Auerbach,right-handed,72,165,0.22,0.22,9
Keith Macwhorter,right-handed,76,190,0,0,0
Don Wilson,right-handed,74,195,0.146,0.15,1
Jaime Cocanower,right-handed,76,200,0,0,0
Jeff Sellers,right-handed,73,175,0,0,0
Sandy Valdespino,left-handed,68,170,0.23,0.23,7
Steve Senteney,right-handed,74,205,0,0,0
Howard Bailey,right-handed,72,195,0,0,0
Jeff Bettendorf,right-handed,75,180,0,0,0
Ken Phelps,left-handed,73,209,0.239,0.24,123
Cesar Cedeno,right-handed,74,175,0.285,0.29,199
Bob Davidson,right-handed,72,185,0,0,0
Phil Linz,right-handed,73,180,0.235,0.24,11
Manny Mota,right-handed,70,160,0.304,0.31,31
Brian Snyder,left-handed,75,185,0,0,0
Steve Renko,right-handed,77,230,0.215,0.22,6
Rick Sofield,left-handed,73,195,0.243,0.25,9
Carlos Velazquez,right-handed,71,180,0,0,0
Roger Miller,right-handed,75,200,0,0,0
Doug DeCinces,right-handed,74,190,0.259,0.26,237
John Castino,right-handed,71,175,0.278,0.28,41
Dave May,left-handed,70,186,0.251,0.26,96
Ron Washington,right-handed,71,155,0.261,0.27,20
Billy Grabarkewitz,right-handed,70,165,0.236,0.24,28
Willie Aikens,left-handed,75,220,0.271,0.28,110
Earl Williams,right-handed,75,215,0.247,0.25,138
Willie Mueller,right-handed,76,220,0,0,0
John Flinn,right-handed,72,175,0,0,0
Don Hahn,right-handed,73,180,0.236,0.24,7
Todd Cruz,right-handed,72,175,0.22,0.22,34
Tom Egan,right-handed,76,218,0.2,0.2,22
Bob Heise,right-handed,72,175,0.247,0.25,1
Tommy Harper,right-handed,69,165,0.257,0.26,146
Joe Wallis,both-handed,71,180,0.244,0.25,16
Max Alvis,right-handed,71,185,0.247,0.25,111
Rico Carty,right-handed,75,200,0.299,0.3,204
Mike Cubbage,left-handed,72,180,0.258,0.26,34
Les Straker,right-handed,73,193,0,0,0
Merritt Ranew,left-handed,71,170,0.247,0.25,8
Lyman Bostock,left-handed,73,180,0.311,0.32,23
Damaso Garcia,right-handed,73,165,0.283,0.29,36
Don Kainer,right-handed,75,205,0,0,0
Don Gordon,right-handed,73,175,0,0,0
Roy Howell,left-handed,73,190,0.261,0.27,80
Boog Powell,left-handed,76,230,0.266,0.27,339
Sandy Wihtol,right-handed,73,195,0,0,0
Sonny Siebert,right-handed,75,190,0.173,0.18,12
Jeff Richardson,right-handed,75,185,0,0,0
Bobby Darwin,right-handed,74,190,0.251,0.26,83
Dennis DeBarr,left-handed,74,190,0,0,0
Dan Driessen,left-handed,71,187,0.267,0.27,153
Bruce Miller,right-handed,73,185,0.246,0.25,1
Bob Bailor,right-handed,71,170,0.264,0.27,9
Tommy Helms,right-handed,70,165,0.269,0.27,34
Tony Armas,right-handed,71,182,0.252,0.26,251
Willie Horton,right-handed,71,209,0.273,0.28,325
Lou Piniella,right-handed,72,182,0.291,0.3,102
Butch Hobson,right-handed,73,193,0.248,0.25,98
John Wathan,right-handed,74,205,0.262,0.27,21
Hal King,left-handed,73,200,0.214,0.22,24
Mike Krukow,right-handed,77,205,0.193,0.2,5
Andres Mora,right-handed,72,180,0.223,0.23,27
Barry Foote,right-handed,75,205,0.23,0.23,57
Ed Ott,left-handed,70,190,0.259,0.26,33
Alan Wiggins,both-handed,74,160,0.259,0.26,5
Ron Clark,right-handed,70,175,0.189,0.19,5
Jay Pettibone,right-handed,76,182,0,0,0
Glen Cook,right-handed,71,180,0,0,0
Julio Gotay,right-handed,72,180,0.26,0.26,6
Gary Alexander,right-handed,74,195,0.23,0.23,55
Andre Thornton,right-handed,75,200,0.254,0.26,253
Bob Oliver,right-handed,75,205,0.256,0.26,94
Bill Castro,right-handed,71,170,0,0,0
Ed Hodge,left-handed,74,192,0,0,0
Tom Buskey,right-handed,75,200,0,0,0
Bruce Taylor,right-handed,72,178,0,0,0
Stan Thomas,right-handed,74,185,0,0,0
Bob Robertson,right-handed,73,195,0.242,0.25,115
Larry Monroe,right-handed,76,200,0,0,0
Roger Slagle,right-handed,75,190,0,0,0
Ollie Brown,right-handed,74,178,0.265,0.27,102
Jim Campbell,left-handed,71,175,0,0,0
Frank Quilici,right-handed,73,170,0.214,0.22,5
Curt Kaufman,right-handed,74,175,0,0,0
Joe Pepitone,left-handed,74,185,0.258,0.26,219
Steve Barber,left-handed,72,195,0.115,0.12,5
De Wayne Vaughn,right-handed,71,180,0,0,0
Norm Miller,left-handed,70,185,0.238,0.24,24
Bob Galasso,left-handed,73,205,0,0,0
Rich Wortham,right-handed,72,185,0,0,0
Bob Chance,left-handed,74,196,0.261,0.27,24
Julio Cruz,both-handed,69,165,0.237,0.24,23
Bill Sample,right-handed,69,175,0.272,0.28,46
Juan Nieves,left-handed,75,175,0,0,0
Mike Bacsik,right-handed,74,180,0,0,0
Craig Kusick,right-handed,75,210,0.235,0.24,46
Rudy Meoli,left-handed,69,165,0.212,0.22,2
Ruppert Jones,left-handed,70,170,0.25,0.25,147
Glenn Hoffman,right-handed,73,175,0.242,0.25,23
Russ Gibson,right-handed,73,195,0.228,0.23,8
Phil Huffman,right-handed,74,180,0,0,0
Terry Francona,left-handed,73,190,0.274,0.28,16
John Bateman,right-handed,75,210,0.23,0.23,81
Luis Pujols,right-handed,74,175,0.193,0.2,6
Joe Gaines,right-handed,73,190,0.241,0.25,21
Doug Rader,right-handed,74,208,0.251,0.26,155
Mickey Stanley,right-handed,73,185,0.248,0.25,117
Steve Brown,right-handed,77,200,0,0,0
Rick Lysander,right-handed,74,190,0,0,0
Phil Bradley,right-handed,72,185,0.286,0.29,78
Winston Llenas,right-handed,70,165,0.23,0.23,3
Charlie Moore,right-handed,71,180,0.261,0.27,36
Ralph Garr,left-handed,71,185,0.306,0.31,75
Tommy John,right-handed,75,180,0.157,0.16,5
Bruce Benedict,right-handed,73,175,0.242,0.25,18
John Ellis,right-handed,74,225,0.262,0.27,69
Wes Parker,both-handed,73,180,0.267,0.27,64
Mel Stottlemyre,right-handed,72,190,0,0,0
David Green,right-handed,75,170,0.268,0.27,31
Reid Nichols,right-handed,71,165,0.266,0.27,22
Rick Reichardt,right-handed,75,210,0.261,0.27,116
Luis Tiant,right-handed,72,180,0.164,0.17,5
Alex Sanchez,right-handed,74,185,0,0,0
Broderick Perkins,left-handed,70,180,0.271,0.28,8
Leon Roberts,right-handed,75,200,0.267,0.27,78
Ray Burris,right-handed,77,200,0.151,0.16,1
Len Gabrielson,left-handed,76,210,0.253,0.26,37
Johnny Edwards,left-handed,76,220,0.242,0.25,81
Paul Wilmet,right-handed,71,170,0,0,0
Tom Grieve,right-handed,74,190,0.249,0.25,65
Bruce Ellingsen,left-handed,72,180,0,0,0
Bob Forsch,right-handed,76,200,0.213,0.22,12
Gorman Heimueller,left-handed,76,195,0,0,0
Danny Cater,right-handed,72,170,0.276,0.28,66
Bill Schroeder,right-handed,74,200,0.24,0.24,61
Clay Dalrymple,left-handed,72,190,0.233,0.24,55
Carlos May,left-handed,71,200,0.274,0.28,90
Reggie Smith,both-handed,72,180,0.287,0.29,314
Ron Reed,right-handed,78,215,0.158,0.16,0
Fred Howard,right-handed,75,190,0,0,0
Davey Johnson,right-handed,73,170,0.261,0.27,136
Ellis Valentine,right-handed,76,205,0.278,0.28,123
Roy White,both-handed,70,160,0.271,0.28,160
Mike Brumley,left-handed,70,195,0.229,0.23,5
Al Luplow,left-handed,70,175,0.235,0.24,33
John Hoover,right-handed,74,190,0,0,0
Dick Allen,right-handed,71,187,0.292,0.3,351
Doug Ault,right-handed,75,200,0.236,0.24,17
Mark Wagner,right-handed,72,165,0.243,0.25,3
Mike Walters,right-handed,77,203,0,0,0
Willie Stargell,left-handed,74,188,0.282,0.29,475
Steve Carlton,left-handed,76,210,0.201,0.21,13
Jake Wood,right-handed,73,163,0.25,0.25,35
Del Unser,left-handed,73,180,0.258,0.26,87
Bob Brower,right-handed,71,185,0.242,0.25,17
Ray Culp,right-handed,72,200,0.123,0.13,1
Ivan Murrell,right-handed,74,195,0.236,0.24,33
Lee Mazzilli,both-handed,73,180,0.259,0.26,93
Garth Iorg,right-handed,71,170,0.258,0.26,20
Alan Ashby,both-handed,74,185,0.245,0.25,90
Bob Brenly,right-handed,74,210,0.247,0.25,91
Ron Blomberg,left-handed,73,195,0.293,0.3,52
Jim Rooker,right-handed,72,195,0.201,0.21,7
Tim Blackwell,both-handed,71,170,0.228,0.23,6
Colby Ward,right-handed,74,185,0,0,0
Jerry Morales,right-handed,70,155,0.259,0.26,95
Davey Lopes,right-handed,69,170,0.263,0.27,155
Catfish Hunter,right-handed,72,190,0.226,0.23,6
Mario Soto,right-handed,72,174,0.132,0.14,1
Jimmy Wynn,right-handed,70,160,0.25,0.25,291
Hank Allen,right-handed,72,190,0.241,0.25,6
Jim Fregosi,right-handed,73,190,0.265,0.27,151
Pepe Frias,right-handed,70,159,0.24,0.24,1
Mike Schmidt,right-handed,74,195,0.267,0.27,548
Willie Montanez,left-handed,72,170,0.275,0.28,139
Rey Quinones,right-handed,71,160,0.243,0.25,29
Mike Squires,left-handed,71,185,0.26,0.26,6
Champ Summers,left-handed,74,205,0.255,0.26,54
Chuck Porter,right-handed,75,187,0,0,0
Bert Campaneris,right-handed,70,160,0.259,0.26,79
Bobby Valentine,right-handed,70,189,0.26,0.26,12
Rob Andrews,right-handed,72,185,0.251,0.26,3
Tom Haller,left-handed,76,195,0.257,0.26,134
Tom Dozier,right-handed,74,190,0,0,0
Ed Stroud,left-handed,71,180,0.237,0.24,14
Ron Swoboda,right-handed,74,195,0.242,0.25,73
Harry Spilman,left-handed,73,180,0.237,0.24,18
Bob Barton,right-handed,72,175,0.226,0.23,9
Daryl Sconiers,left-handed,74,185,0.265,0.27,15
Joe Torre,right-handed,74,212,0.297,0.3,252
Al Ferrara,right-handed,73,200,0.259,0.26,51
Rick Steirer,right-handed,76,200,0,0,0
Sixto Lezcano,right-handed,70,165,0.271,0.28,148
Al Lachowicz,right-handed,75,198,0,0,0
Dave Nicholson,right-handed,74,215,0.212,0.22,61
Freddie Patek,right-handed,65,148,0.242,0.25,41
Ken Hubbs,right-handed,74,175,0.247,0.25,14
Pepe Mangual,right-handed,70,157,0.242,0.25,16
Leron Lee,left-handed,72,196,0.25,0.25,31
Tom McCarthy,right-handed,72,180,0,0,0
Steve Ontiveros,both-handed,72,185,0.274,0.28,24
Willie Davis,left-handed,74,180,0.279,0.28,182
Tom Lawless,right-handed,71,170,0.207,0.21,2
Jerry Moses,right-handed,75,210,0.251,0.26,25
Bobby Bonds,right-handed,73,190,0.268,0.27,332
Dave McNally,right-handed,71,185,0.133,0.14,9
Darrell Brown,both-handed,72,184,0.274,0.28,1
Roy Foster,right-handed,72,185,0.253,0.26,45
Denis Menke,right-handed,72,185,0.25,0.25,101
Hal Breeden,right-handed,74,200,0.243,0.25,21
Manny Trillo,right-handed,73,150,0.263,0.27,61
Jackie Gutierrez,right-handed,71,175,0.237,0.24,4
Jerry Kenney,left-handed,73,170,0.237,0.24,7
Fred Kendall,right-handed,73,185,0.234,0.24,31
Mike Anderson,right-handed,74,200,0.246,0.25,28
Jim Lewis,right-handed,75,190,0,0,0
Joe Charboneau,right-handed,74,205,0.266,0.27,29
Jimmie Schaffer,right-handed,69,170,0.223,0.23,11
Junior Kennedy,right-handed,71,175,0.248,0.25,4
Wilbur Howard,both-handed,74,170,0.25,0.25,6
Rod Gilbreath,right-handed,74,180,0.248,0.25,14
Mark Brouhard,right-handed,73,210,0.259,0.26,25
Dan Morogiello,left-handed,73,200,0,0,0
Mike Young,both-handed,74,195,0.247,0.25,72
Chris Speier,right-handed,73,175,0.246,0.25,112
Gene Michael,both-handed,74,183,0.229,0.23,15
Vic Harris,both-handed,71,165,0.217,0.22,13
Mike Fischlin,right-handed,73,165,0.22,0.22,3
Don Money,right-handed,73,170,0.261,0.27,176
Joe Rudi,right-handed,74,200,0.264,0.27,179
Jim Rice,right-handed,74,200,0.298,0.3,382
Shawn Holman,right-handed,74,185,0,0,0
Alan Wirth,right-handed,76,190,0,0,0
Gil Garrido,right-handed,69,150,0.237,0.24,1
Marty Perez,right-handed,71,160,0.246,0.25,22
Tom Matchick,left-handed,73,173,0.215,0.22,4
Jack Perconte,left-handed,70,160,0.27,0.27,2
Ed Kirkpatrick,left-handed,71,195,0.238,0.24,85
Jerry Grote,right-handed,70,185,0.252,0.26,39
Ellie Hendricks,left-handed,73,175,0.22,0.22,62
Jim Beauchamp,right-handed,74,190,0.231,0.24,14
Terry Wilshusen,right-handed,74,210,0,0,0
Tito Fuentes,both-handed,71,175,0.268,0.27,45
Ron Brand,right-handed,67,167,0.239,0.24,3
Leo Cardenas,right-handed,71,150,0.257,0.26,118
Art Shamsky,left-handed,73,168,0.253,0.26,68
Steve Ellsworth,right-handed,80,220,0,0,0
Ron Cey,right-handed,70,185,0.261,0.27,316
Skip Jutze,right-handed,71,190,0.215,0.22,3
Butch Wynegar,both-handed,73,190,0.255,0.26,65
Ron LeFlore,right-handed,72,200,0.288,0.29,59
Bill Russell,right-handed,72,175,0.263,0.27,46
Gene Tenace,right-handed,72,190,0.241,0.25,201
Bubba Morton,right-handed,70,175,0.267,0.27,14
Ellie Rodriguez,right-handed,71,185,0.245,0.25,16
Darrel Chaney,both-handed,74,188,0.217,0.22,14
Dick Nen,left-handed,74,200,0.224,0.23,21
Bryan Kelly,right-handed,74,195,0,0,0
Bill Freehan,right-handed,75,203,0.262,0.27,200
Steve Nicosia,right-handed,70,185,0.248,0.25,11
Ted Savage,right-handed,73,185,0.233,0.24,34
Pete Mackanin,right-handed,74,190,0.226,0.23,30
Rich Dauer,right-handed,72,180,0.257,0.26,43
Mick Kelleher,right-handed,69,176,0.213,0.22,0
Rowland Office,left-handed,72,170,0.259,0.26,32
Rick Leach,left-handed,73,180,0.268,0.27,18
Dwayne Murphy,left-handed,73,185,0.246,0.25,166
Larry Harlow,left-handed,74,185,0.248,0.25,12
Mike Epstein,left-handed,75,230,0.244,0.25,130
Jerry Mumphrey,both-handed,74,185,0.289,0.29,70
Don Sutton,right-handed,73,185,0.144,0.15,0
Glenn Beckert,right-handed,73,190,0.283,0.29,22
Ron Davis,right-handed,72,175,0.233,0.24,10
Mike Shannon,right-handed,75,195,0.255,0.26,68
Jason Thompson,left-handed,76,200,0.261,0.27,208
Wayne Tolleson,both-handed,69,160,0.241,0.25,9
John Leister,right-handed,74,200,0,0,0
Don Cooper,right-handed,73,185,0,0,0
Mike Jorgensen,left-handed,72,195,0.243,0.25,95
Ed Romero,right-handed,71,160,0.247,0.25,8
Rick Joseph,right-handed,73,192,0.243,0.25,13
Cecil Cooper,left-handed,74,165,0.298,0.3,241
Bill Almon,right-handed,75,180,0.254,0.26,36
Joe Ferguson,right-handed,74,200,0.24,0.24,122
Jeff Jones,right-handed,75,210,0,0,0
Jerry Terrell,right-handed,71,165,0.253,0.26,4
John Poloni,left-handed,77,210,0,0,0
Dave Revering,left-handed,76,210,0.265,0.27,62
Curt Ford,left-handed,70,150,0.245,0.25,7
Jerry Dybzinski,right-handed,74,180,0.234,0.24,3
Mike Willis,left-handed,74,205,0,0,0
Bob Burda,left-handed,71,174,0.224,0.23,13
Jesse Gonder,left-handed,70,180,0.251,0.26,26
Gary Sutherland,right-handed,72,185,0.243,0.25,24
Bob Coluccio,right-handed,71,183,0.22,0.22,26
Dave Rader,left-handed,71,165,0.257,0.26,30
Ron Gardenhire,right-handed,72,175,0.232,0.24,4
Bill Sharp,left-handed,70,178,0.255,0.26,9
Alan Bannister,right-handed,71,170,0.27,0.27,19
Bob Watson,right-handed,72,201,0.295,0.3,184
Ken Harrelson,right-handed,74,190,0.239,0.24,131
Bobby Wine,right-handed,73,187,0.215,0.22,30
Stefan Wever,right-handed,80,245,0,0,0
John Kennedy,right-handed,72,185,0.225,0.23,32
Chico Ruiz,both-handed,72,169,0.24,0.24,2
Dave Johnson,right-handed,73,183,0,0,0
Gail Hopkins,left-handed,70,198,0.266,0.27,25
Doug Frobel,left-handed,76,196,0.201,0.21,20
Luis Melendez,right-handed,72,165,0.248,0.25,9
Jerry Augustine,left-handed,72,183,0,0,0
Bill Plummer,right-handed,73,190,0.188,0.19,14
Buck Rodgers,both-handed,74,190,0.232,0.24,31
Phil Niekro,right-handed,73,180,0.169,0.17,7
Jeff Holly,left-handed,77,210,0,0,0
Tom Poquette,left-handed,70,175,0.268,0.27,10
Eric Hetzel,right-handed,75,175,0,0,0
Brian Asselstine,left-handed,73,175,0.254,0.26,12
Rick Miller,left-handed,72,175,0.269,0.27,28
Ed Charles,right-handed,70,170,0.263,0.27,86
Luis Gomez,right-handed,69,150,0.21,0.21,0
Dave Lemanczyk,right-handed,76,235,0,0,0
Al Jones,right-handed,76,210,0,0,0
Floyd Rayford,right-handed,70,190,0.244,0.25,38
Sam Hinds,right-handed,78,215,0,0,0
Tony Conigliaro,right-handed,75,185,0.264,0.27,166
Clay Christiansen,right-handed,77,205,0,0,0
Jim Barr,right-handed,75,205,0.162,0.17,1
Jerry Remy,left-handed,69,165,0.275,0.28,7
Larry Rothschild,left-handed,74,180,0,0,0
Frank Duffy,right-handed,73,180,0.232,0.24,26
Gary Lance,both-handed,75,195,0,0,0
Tom O'Malley,left-handed,72,180,0.256,0.26,13
Phil Garner,right-handed,70,175,0.26,0.26,109
Larry Pashnick,right-handed,75,205,0,0,0
Todd Fischer,right-handed,70,170,0,0,0
